"town","cl_yes_pct","charter_yes_pct","mj_yes_pct","TotalPop","PopDen","MedHouseIncome","PctYoung","PctCollege","PctFemale","PctWhite"
"abington",0.505332341269841,0.340403458213256,0.526557301824022,16196,1730.49482905984,77131.5852679674,0.428747838972586,0.303956805924767,0.562052358607064,0.916522598172388
"acton",0.781980742778542,0.409545127508194,0.519011406844107,23209,1192.64979889951,132892.515748201,0.390365806368219,0.774578663788077,0.497651773019087,0.708819854366841
"acushnet",0.456445993031359,0.356225572305974,0.511078286558346,10414,969.050517615416,72966.5121951219,0.378048780487805,0.200766300534118,0.505377376608412,0.925580948722873
"adams",0.652420881796051,0.313863123589872,0.5715,8266,1149.12134497616,49682.7140091943,0.376360996854585,0.226462609141312,0.511371884829422,0.963585773046213
"agawam",0.45549930295693,0.328158274369719,0.491867140513942,28701,1623.48162200271,63476.5882721856,0.381206229748092,0.287942976656513,0.523709975262186,0.878366607435281
"amesbury",0.615699002283928,0.344868995633188,0.58546126263175,17082,1676.6030390566,77041.5692541857,0.387132654255942,0.416983824037384,0.506556609296335,0.937829293993678
"amherst",0.907034607554852,0.223046246414329,0.744900790897738,25441,1394.654709018,54965.7278408868,0.640894618922212,0.676226179450304,0.503242797059864,0.730670964191659
"andover",0.629765102589015,0.448772763262074,0.459235568604834,34963,1743.61966249656,135274.053542316,0.416726253467952,0.732690347388979,0.52200898092269,0.790521408345966
"arlington",0.81338766946417,0.310542837455019,0.569559595344946,44408,9419.68095892544,101850.009412718,0.396437578814628,0.687360703676983,0.532629255989912,0.802445505314358
"ashburnham",0.485984464707869,0.349520383693046,0.570324115373179,6171,160.824270357612,86219,0.410144222978448,0.386162317452717,0.504294279695348,0.962404796629396
"ashby",0.425029515938607,0.416221985058698,0.600649350649351,3196,134.837548140181,89934,0.380788485607008,0.25374449339207,0.484981226533166,0.968085106382979
"ashfield",0.819607843137255,0.227433628318584,0.691123188405797,3392,43.6599544313936,80347,0.298938679245283,0.539453125,0.505306603773585,0.968455188679245
"ashland",0.67207056860174,0.345242033300254,0.519013698630137,17420,1626.54805340098,105737.794374282,0.415384615384615,0.571345552737009,0.514810562571756,0.809357060849598
"athol",0.471042471042471,0.351728320194057,0.5661853188929,11625,575.082749154087,48029.1956989247,0.403956989247311,0.175430424943538,0.516989247311827,0.915354838709678
"attleboro",0.549810575743023,0.352152921470096,0.568502548020384,44121,2655.94729291698,71793.0460778314,0.429296706783618,0.312910421444447,0.514788876045421,0.83760567530201
"auburn",0.528283796740173,0.295198512523242,0.505620429990178,16393,1268.23085285696,72238.9597389129,0.366009882266821,0.376201844256639,0.519551027877753,0.910266577197585
"avon",0.540086206896552,0.33955223880597,0.505945059450595,4476,1043.24547500766,68021,0.377122430741734,0.265383493729951,0.492627345844504,0.740616621983914
"ayer",0.590710382513661,0.443463330880549,0.584409257003654,7929,832.988318634497,77112,0.422373565392862,0.377823408624231,0.486820532223483,0.83163072266364
"barnstable",0.535827362106316,0.498102578146395,0.479069405539994,39482,1409.60170002582,62949.0321665569,0.361303885314827,0.346585747985418,0.516539182412238,0.872549516235246
"barre",0.456653992395437,0.318418314255983,0.576564120290356,5456,123.084475508188,67500,0.401576246334311,0.277092274678111,0.466275659824047,0.959677419354839
"becket",0.607486631016043,0.366733466933868,0.671219512195122,2247,26.7369471197487,72981,0.279038718291055,0.341870824053452,0.492211838006231,0.947930574098798
"bedford",0.696957236842105,0.41733486063383,0.470855412566238,14088,1045.72573440402,117536.608603066,0.398069278818853,0.676764216769287,0.492617830777967,0.750283929585463
"belchertown",0.581667998934186,0.264311814859927,0.542678440029433,14888,320.502504966082,82843.9672219237,0.410061794734014,0.432217407095872,0.514777001612037,0.913554540569587
"bellingham",0.498206111592231,0.386101694915254,0.566107797907055,16833,924.158971799217,92074.6933404622,0.426364878512446,0.28793463245282,0.499316818154815,0.926691617655795
"belmont",0.767379077615298,0.373416392524673,0.524941111265069,25555,7462.26173622227,115676.453101154,0.41549598904324,0.735567777449897,0.532694189004109,0.769242809626296
"berkley",0.428657074340528,0.338777809067868,0.544232922732363,6589,399.022761317727,95186,0.395507664288967,0.302216252518469,0.483229625132797,0.970556988920929
"berlin",0.575256556442417,0.433005690636317,0.547966631908238,3061,235.964710254436,97614,0.3453119895459,0.465359477124183,0.47860176412937,0.963737340738321
"bernardston",0.65018315018315,0.282679738562091,0.553745928338762,4507,81.8722913508453,66950,0.343243842911027,0.366399082568807,0.504326603061903,0.939427557133348
"beverly",0.654788195141538,0.368198529411765,0.551186131386861,40967,5098.74600180159,78502.5752190788,0.434496057802622,0.478574447327346,0.526155198086264,0.913784265384334
"billerica",0.493447630308405,0.369828456104945,0.522265357387531,42228,1713.65597778688,98978.0116747182,0.433314388557356,0.330261262770395,0.499123804111016,0.872122762148338
"blackstone",0.442901604022025,0.362379280070237,0.583133056587284,9068,829.98186182654,75114.1667401853,0.424239082487869,0.291622178319171,0.53253198059109,0.936479929422143
"blandford",0.387878787878788,0.330965909090909,0.575886524822695,7337,37.7438785735732,73594,0.365680795965654,0.279234058375162,0.488074144745809,0.961428376720731
"bolton",0.646053980184489,0.460930373973852,0.52475845410628,5113,256.267183396337,151023,0.392137688245648,0.68519057317428,0.521024838646587,0.905534911011148
"boston",0.851652194412793,0.384185337342764,0.624476500697999,657351,25686.4410189945,60610.513377176,0.558181245635893,0.455537631565507,0.52035670440906,0.453264694204466
"bourne",0.481134923030486,0.436148203874365,0.484196745838788,19796,814.078635380716,69514.9103859366,0.365983026874116,0.350161061344066,0.49171549808042,0.909022024651445
"boxborough",0.724653537563822,0.425716189207195,0.507279947054931,5287,514.012383897675,103556,0.438812180820881,0.732763375620519,0.491393985246832,0.752411575562701
"boxford",0.527969018932874,0.493158717748241,0.480426356589147,8198,348.019191323931,153578,0.359355940473286,0.625302872966425,0.508538667967797,0.929738960722127
"boylston",0.558523173605656,0.39344262295082,0.496982605608804,4480,278.931833773435,93197,0.366741071428572,0.535021888680425,0.481696428571429,0.902678571428571
"braintree",0.552508970170835,0.313316582914573,0.456688979918074,37066,3266.26634402701,84455.791641936,0.412237630173204,0.403316656003629,0.529110235795608,0.815248475692009
"brewster",0.616690926734595,0.452176532610333,0.481531329445192,9879,432.093539114836,70906.657455208,0.280089077841887,0.510380429491367,0.52333232108513,0.957384350642778
"bridgewater",0.475910693301998,0.338278931750742,0.494181536074476,25530,1796.45607300174,84071.9310223267,0.516216216216216,0.386242318028013,0.499921660791226,0.860242851547199
"brimfield",0.416054564533054,0.351984696317551,0.528490028490028,3718,107.016216686096,83273,0.34803657880581,0.375227025063567,0.488703604088219,0.984400215169446
"brockton",0.7422591912853,0.383037825059102,0.516710576951541,94813,6624.93090379741,51155.2696149262,0.485038971449063,0.169670868596909,0.519707213145877,0.395525929988504
"brookfield",0.430750457596095,0.3671875,0.560664819944598,3386,217.790937894936,63906,0.39722386296515,0.329855537720706,0.47282929710573,0.909332545776728
"brookline",0.884029574861368,0.372845673505798,0.609580795921258,59180,17490.0866852885,103870.891889152,0.522372423115918,0.817123091533299,0.551824940858398,0.715782358905035
"burlington",0.58245911755631,0.356325170265179,0.45089414479377,25698,2594.41562840009,93175.0848315044,0.41559654447817,0.486169119359738,0.502568293252393,0.763600280177446
"cambridge",0.932178722165624,0.374775546849494,0.71304698527929,108757,22204.8761487265,82712.5452154804,0.60063260295889,0.762732850277281,0.512270474544167,0.621532407109428
"canton",0.605274279435382,0.379576567971983,0.465364542147715,22562,1854.01966145101,91301.2341547735,0.402756847797181,0.54756586238084,0.536122684159206,0.808217356617321
"carlisle",0.758734344100198,0.490314769975787,0.525030525030525,5125,335.737541680587,167400,0.341853658536585,0.844356881508584,0.501463414634146,0.847219512195122
"carver",0.439901737146868,0.391885364675576,0.534913516976297,11557,391.582774168696,78281.8930518301,0.357532231547979,0.2265092682939,0.501687289088864,0.937180929306914
"charlton",0.412616181624257,0.359827394209354,0.520343205092721,13292,315.559236156806,91064.7201324105,0.398435148961782,0.321844346702421,0.54371050255793,0.965768883538971
"chatham",0.571462658076831,0.508880994671403,0.42425578831312,3238,570.236479218349,66852,0.241198270537368,0.541167375338229,0.515750463248918,0.873069796170476
"chelmsford",0.580910344827586,0.390146739952599,0.491008639742817,34906,1658.31330202589,104159.459491205,0.384060046983327,0.508361871994657,0.514582020283046,0.85317710422277
"chelsea",0.825980118396068,0.447749196141479,0.552296062281395,38244,24958.331268126,51923.5846145801,0.539587909214517,0.169718427650946,0.489122476728376,0.232088693651292
"cheshire",0.568935427574171,0.313076505697233,0.557702630166398,3192,119.066664185655,58145,0.332080200501253,0.191236691236691,0.503446115288222,0.976503759398496
"chesterfield",0.59789156626506,0.281540504648074,0.641095890410959,1243,40.2843394628774,66500,0.364440868865648,0.407040704070408,0.507642799678199,0.978278358809332
"chicopee",0.55627227209166,0.332600422832981,0.537942664418212,56100,3573.64407454737,51246.3211586453,0.439055258467023,0.181447769591568,0.510926916221034,0.743903743315508
"chilmark",0.867791842475387,0.561752988047809,0.707152496626181,4171,66.6358961092932,78854,0.337329177655239,0.500156494522691,0.596020139055383,0.865739630783985
"clarksburg",0.609318996415771,0.30091533180778,0.533333333333333,1652,130.187234136812,60404,0.348668280871671,0.218620116375728,0.484261501210654,0.98728813559322
"clinton",0.577234506384304,0.376755517340212,0.563587111491303,13759,2947.61568576514,63964.513845483,0.436150883058362,0.339184758290934,0.506068754996729,0.788284032269787
"cohasset",0.639937805419813,0.521747967479675,0.437020589422689,8316,849.508793348645,128224,0.392857142857142,0.705412599822538,0.507936507936508,0.978114478114478
"concord",0.80890720031391,0.495799853907962,0.50411876527564,19432,1148.11793509585,141030.848909016,0.34607863318238,0.702534048242857,0.486362700699876,0.831772334293948
"dalton",0.699423815620999,0.299140231248147,0.510263929618768,6682,306.761558001823,55774,0.342861418736905,0.356425702811245,0.493564800957797,0.943729422328644
"danvers",0.543018734535171,0.329930852815278,0.475326037092863,27558,2383.65124615658,81255.0754408883,0.398758981058132,0.407916871183533,0.51603889977502,0.911749764133827
"dartmouth",0.559345425867508,0.382896379525593,0.519721721846077,29373,992.952530510175,75402.355088006,0.46869574098662,0.273528739215334,0.490041875191503,0.879651380519525
"dedham",0.642132932782576,0.364299369822276,0.5,25272,3365.20823569489,89257.9047958215,0.40159069325736,0.472098109353134,0.517766698322254,0.800925925925926
"deerfield",0.71686969361388,0.270847231487658,0.551541266158436,5054,156.023529171974,80000,0.351602690937871,0.525871172122492,0.557973882073605,0.912346656113969
"dennis",0.565755962028247,0.437676438653637,0.46810577441986,14067,728.159285733285,57058.5508637236,0.251581716073079,0.381647297302905,0.535437548873249,0.91106845809341
"dighton",0.427086110370568,0.33532041728763,0.537487586891758,7320,332.345402144195,92818,0.416666666666667,0.284022519899049,0.511612021857924,0.937158469945355
"douglas",0.398656215005599,0.311106565759869,0.569130523315007,8665,238.034036257464,90020,0.430236583958453,0.336281651057926,0.51402192729371,0.888978649740335
"dover",0.64424280350438,0.587301587301587,0.435167265689798,5864,387.870494257431,189265,0.425818553888131,0.845308310991956,0.483117326057299,0.838165075034106
"dracut",0.443358982937437,0.399601519208019,0.51456009913259,30940,1970.548333244,88239.5823529412,0.452100840336134,0.284402131636625,0.504298642533937,0.84311570782159
"dudley",0.42400482509047,0.319933308632827,0.517177687476912,11608,1232.95656104862,63603.8585458305,0.463387319090282,0.27693792484409,0.474844934527911,0.932546519641626
"dunstable",0.532663316582915,0.395221503235441,0.538538040775733,3310,201.144724625366,118984,0.367673716012085,0.5552608311229,0.536253776435044,0.926888217522659
"duxbury",0.566391682676009,0.485989941496459,0.432374541003672,15444,717.611270159573,120683.155918156,0.388759388759389,0.671524206376774,0.524605024605025,0.968207718207718
"east bridgewater",0.437197064118543,0.316851922831225,0.514054190934414,14222,831.370054360623,86552.1779637182,0.408311067360428,0.260090440876446,0.544438194346787,0.941428772324567
"east brookfield",0.385116279069767,0.37766410912191,0.511784511784512,2259,229.309145260127,80714,0.404161133244799,0.303964757709251,0.494909251881364,0.976980965028774
"east longmeadow",0.479239971850809,0.357056694813028,0.461068035382767,16063,1553.28156220979,82913.5127311212,0.370914524061508,0.430292281467588,0.541617381560107,0.877855942227479
"eastham",0.647647058823529,0.441911562757484,0.512575177692728,4924,361.694621890381,57886.7792445167,0.246547522339561,0.490503377023866,0.535337124289197,0.940698619008936
"easthampton",0.677651680488869,0.238194299979197,0.622796100394109,16042,1347.42912823452,62561.5162697918,0.369592320159581,0.339670348671203,0.519511282882434,0.879566138885426
"easton",0.52967829632986,0.347055209339068,0.464466561899773,23770,913.748102137254,103153.262936475,0.45864535128313,0.48701423600349,0.515986537652503,0.89036600757257
"edgartown",0.696296296296296,0.501480384900074,0.611639824304539,4247,158.431242163402,70556,0.3319990581587,0.293817718291906,0.435837061455145,0.882269837532376
"egremont",0.80859375,0.38641975308642,0.653284671532847,1776,33.8953845348491,67156,0.20777027027027,0.541137123745819,0.49268018018018,0.923986486486487
"erving",0.573746312684366,0.269779507133593,0.611901681759379,3426,41.2801647443926,55489,0.33800350262697,0.263036809815951,0.5189725627554,0.9430823117338
"essex",0.626172839506173,0.443950177935943,0.565414214576732,3632,259.951866149085,103750,0.404735682819383,0.536603773584907,0.533039647577092,0.974118942731278
"everett",0.705930745643557,0.378637886118348,0.488276583034648,44636,19837.5031686425,52434.1982480509,0.502195537234519,0.179353125317279,0.515211936553455,0.48019535800699
"fairhaven",0.526908326116541,0.373293768545994,0.551269990592662,16078,2444.59274403386,59124.0947257122,0.344819007339222,0.290985481110049,0.523634780445329,0.902724219430278
"fall river",0.615450399087799,0.438895128457111,0.570580382237212,79990,9420.90387696874,38295.8437929741,0.446218277284661,0.139495265392103,0.524778097262158,0.789198649831229
"falmouth",0.611551591234446,0.433221216041397,0.482583230579531,31544,876.24572820924,70970.8057316764,0.323009130103982,0.422869182201729,0.51379026122242,0.876902104996196
"fitchburg",0.60494442861214,0.431698715816089,0.567490060613961,40441,3873.9239818469,51864.3226181351,0.506392027892485,0.200803795043162,0.502905467223857,0.643579535619792
"foxborough",0.55064317371095,0.340165549862042,0.488331045303001,17348,1020.55644261357,93378.6537929444,0.402467143186535,0.461412819247169,0.502305741295827,0.896356928752594
"framingham",0.742529661637615,0.399239280774551,0.540206114500396,70743,4460.80847522987,74710.4554090157,0.45085732864029,0.474931466292908,0.524829311734023,0.67046916302673
"franklin",0.575205104831358,0.362549139028847,0.504714640198511,32873,1553.59680468598,108354.698171752,0.440939372737505,0.544266303452932,0.51443433821069,0.905576004623856
"freetown",0.433140158832367,0.357531760435572,0.528491171749599,9111,266.741780447145,91130.1792338931,0.396663373943585,0.274414887594842,0.502250027439359,0.942157831193063
"gardner",0.54128201794305,0.378654455794294,0.557062675397568,20334,1748.4777163143,46301.1751254057,0.448067276482739,0.174766466023163,0.508212845480476,0.879118717419101
"georgetown",0.505902929602099,0.367655966081163,0.511935807422267,8514,672.747308610045,108149.534178999,0.396993187690862,0.465255702581177,0.508809020436928,0.931994362226921
"gloucester",0.645062753170861,0.357045482711612,0.578992734884866,29546,3639.60316533559,69688.7151221824,0.348101265822785,0.373241428611559,0.516516618154742,0.945407161713938
"grafton",0.579359043997827,0.377179080824089,0.521044849679645,18330,865.193843949626,98497.6494271686,0.428968903436989,0.504493284040662,0.520731042007638,0.791216584833606
"granby",0.490314769975787,0.309306821320077,0.54222833562586,6327,227.344715175617,86692,0.375059269796112,0.350438315159291,0.542279121226489,0.909277698751383
"great barrington",0.832224472085623,0.324115044247788,0.641325006787945,6933,154.676102454438,56431,0.398240300014423,0.428208923662509,0.503245348334054,0.824751189961056
"greenfield",0.725916230366492,0.290726520968695,0.615203299941072,17477,2353.84069409082,50997.1268524346,0.401785203410196,0.299915099502245,0.501859586885621,0.880471476798078
"groton",0.644262841894596,0.449460107978404,0.560615108987758,11182,344.080929376197,120444.713110356,0.380343409050259,0.641167155085074,0.516186728671078,0.919781792165981
"groveland",0.485090521831736,0.373270750988142,0.514532019704434,6681,752.050431452014,96512,0.405777578206855,0.386499007279947,0.482861847028888,0.947462954647508
"hadley",0.710552763819095,0.262746324679387,0.539343246592317,5338,231.225916545417,62634,0.381041588609966,0.497566909975669,0.608467590857999,0.898463844136381
"halifax",0.436470877365446,0.338416021847975,0.529585128088869,7753,484.465080899635,73119,0.421256287888559,0.264858841010401,0.520314716883787,0.947633174255127
"hamilton",0.640331626432577,0.47879177377892,0.493489861259338,8136,578.781971092468,116967.189036382,0.438790560471977,0.678480504000674,0.495698131760079,0.894419862340217
"hampden",0.419639703285058,0.35788070643119,0.478974358974359,5190,264.336459069371,80375,0.334489402697495,0.351636747624076,0.515414258188825,0.970520231213873
"hancock",0.543103448275862,0.329896907216495,0.544736842105263,2486,36.658110560703,79091,0.278761061946902,0.44304435483871,0.503620273531779,0.951729686242961
"hanover",0.465861938890985,0.344711482642517,0.414766809397061,14332,922.445385690727,104513.97906782,0.40364219927435,0.486912179884242,0.515350265140944,0.948995255372593
"hanson",0.437522506301764,0.319860858042074,0.5040369088812,10477,815.265690058947,92358.0650949699,0.407368521523336,0.317809094901875,0.481435525436671,0.926792020616588
"hardwick",0.443833464257659,0.302425106990014,0.540925266903915,4109,69.2028380010183,61786,0.419810172791434,0.279643591501029,0.455341932343636,0.957410562180579
"harvard",0.736826436439416,0.482542280414621,0.52153887835275,6570,248.531450541178,131719,0.345509893455099,0.632992583684105,0.406088280060883,0.825266362252664
"harwich",0.579283887468031,0.418155825589707,0.472304590202823,12167,589.975529451335,69809.6694337141,0.31634749732884,0.444425626986995,0.528560861346265,0.942631708720309
"hatfield",0.659783169850284,0.24146110056926,0.523404255319149,3298,207.315397608949,64427,0.295936931473621,0.374437781109445,0.495451788963008,0.966343238326258
"haverhill",0.561215769330807,0.411824171227385,0.552236732425674,62340,5600.08916074193,66798.7577799166,0.449037536092397,0.277027481245825,0.522297080526147,0.755470003208213
"heath",0.596577017114914,0.286995515695067,0.542792792792793,4583,28.8344241704542,53160,0.364608335151648,0.289816459443458,0.506873227143792,0.951560113462797
"hingham",0.63513306821658,0.470810583788324,0.417206097306327,22901,1303.93857963067,120291.469892144,0.383040041919567,0.679916990119349,0.529278197458626,0.955111130518318
"hinsdale",0.600594648166501,0.363387978142077,0.568075117370892,1955,94.2978275305408,60511,0.360102301790282,0.304787592717465,0.468030690537084,0.977493606138107
"holbrook",0.549745138757787,0.34363894811656,0.509004237288136,11008,1626.99726197047,65910.1807776163,0.385446947674418,0.253013420672482,0.508993459302326,0.750635901162791
"holden",0.546824224519941,0.314005352363961,0.481613075146562,18300,1134.27032371663,99751.567704918,0.426120218579235,0.52887085407722,0.506174863387978,0.906612021857924
"holliston",0.672411575562701,0.372112018669778,0.524805390960846,14324,851.623495620651,110403.627408545,0.399678860653449,0.598160485388312,0.510053057805082,0.903029879921809
"holyoke",0.743038217783753,0.341706073819321,0.568155645796715,40280,5576.89538349767,44382.5167825223,0.509880834160874,0.239015725434063,0.502085402184707,0.431653426017875
"hopedale",0.56126356094448,0.349709302325581,0.522141823444284,5942,1149.10839039571,99792,0.401211713227869,0.40241837968561,0.521878155503197,0.940087512622013
"hopkinton",0.647962268714476,0.422880156743224,0.4800172823504,16257,651.711877507619,145878.361321277,0.421910561604232,0.667870321562387,0.511164421479978,0.88448053146337
"hubbardston",0.430762852404643,0.382939438700148,0.563782991202346,4537,110.467657129002,84803,0.400044081992506,0.269673704414587,0.504077584306809,0.943575049592242
"hudson",0.614006347906215,0.383511190858438,0.519921067468521,19680,2366.39354744619,81431.1,0.384857723577236,0.396939143306628,0.505030487804878,0.877845528455284
"hull",0.609468438538206,0.440333753148615,0.591030265014897,10437,3953.18611287958,78447.5298457411,0.287917984095047,0.438803582659483,0.511641276228802,0.944236849669445
"huntington",0.429505135387488,0.273728813559322,0.616368286445013,1962,74.5560434670369,68958,0.328746177370031,0.182381280110117,0.46177370030581,0.918960244648318
"ipswich",0.619218910585817,0.419207317073171,0.525864068661563,13682,942.043609691924,79260.5471422307,0.338766262242362,0.503427042229052,0.505700920917994,0.950811284899868
"kingston",0.492340425531915,0.346820809248555,0.487629270846969,13106,727.405900723102,94961.9247672822,0.414848161147566,0.432861692622509,0.541278803601403,0.94376621394781
"lakeville",0.422134658214836,0.379987433239083,0.493769470404984,11193,392.308409959598,97293.5538282855,0.381309747163406,0.344623179233064,0.503886357544894,0.954793174305369
"lancaster",0.527220630372493,0.431875953228266,0.498612162503154,8092,294.627759921142,93750,0.444142362827484,0.328726382085374,0.440311418685121,0.853188334157192
"lanesborough",0.625705329153605,0.316163410301954,0.590354445090064,3019,104.678795604203,74519,0.393839019542895,0.41521020311762,0.526333222921497,0.950645909241471
"lawrence",0.848444367835904,0.4363413304253,0.419654601773667,79337,15284.0318578863,38390.5172744117,0.554218082357538,0.109720074036242,0.517337433984144,0.166038544437022
"lee",0.698005698005698,0.283277591973244,0.551678298438019,5856,223.947170164687,61507,0.400785519125683,0.328805620608899,0.543715846994536,0.933060109289617
"leicester",0.461597103106537,0.334849545136459,0.531478260869565,11229,483.56969186524,72234.7227713955,0.390951999287559,0.271591751350955,0.504942559444296,0.9222548757681
"lenox",0.796604174036081,0.304710992315403,0.531943065210195,5015,236.339869937514,55777,0.274576271186441,0.51863354037267,0.548155533399801,0.939581256231306
"leominster",0.544872864852835,0.396738850882156,0.511514591988511,41304,2399.72020390988,57732.4819387953,0.424535153980244,0.280075923569658,0.5326360643037,0.750266318032152
"lexington",0.809118965818436,0.410469394581336,0.473223140495868,32936,2028.19175058746,152002.231782852,0.371417294146223,0.796611849371444,0.518277872237066,0.688304590721399
"lincoln",0.825802784882069,0.529286474973376,0.533439069521544,6651,920.981122940463,127087.875357089,0.424297098180725,0.746304092151521,0.516764396331378,0.775071417831905
"littleton",0.647434692726931,0.396712421623454,0.543726875210225,9538,577.64892465628,107710.023904382,0.372824491507654,0.56136464464623,0.501048437827637,0.8946319983225
"longmeadow",0.605628948879954,0.403130695829313,0.454671354000213,15837,1755.97537993252,111215.111069016,0.376902191071541,0.639023982186242,0.526678032455642,0.870430005682895
"lowell",0.688399988123868,0.432088705218125,0.557636559995453,109871,11749.6485419658,47533.0803123663,0.535418809330943,0.216876236999058,0.497665444020715,0.494134029907801
"ludlow",0.467905229099259,0.312643448757609,0.480719538859074,21352,1794.70974156378,67509.2528568752,0.38193143499438,0.217395917240233,0.499625327838141,0.898791682278007
"lunenburg",0.510861948142957,0.409106070713809,0.53097765805736,11087,437.415053962945,88521.809957608,0.3624064219356,0.36622160644956,0.519888157301344,0.887886714169748
"lynn",0.704207641463808,0.382054122487735,0.531367242757857,92074,15399.8751108933,54158.7350174859,0.52088537480722,0.190120343993916,0.513684644959489,0.390305623737428
"lynnfield",0.455035709080309,0.385663668574543,0.39907696484322,12489,1317.53556315228,122152.025462407,0.369765393546321,0.500325207642872,0.506045319881496,0.907838898230443
"malden",0.740032871566095,0.366389793951631,0.542301339695357,60732,13553.0860588686,59940.7581670289,0.482546268853323,0.331820087717819,0.516548113021142,0.486251070275966
"manchester",0.701908038786362,0.522881355932203,0.505583472920156,5321,576.559674036501,92604,0.297500469836497,0.59618320610687,0.516256342792709,0.970682202593497
"mansfield",0.574579124579125,0.335933914639743,0.515672550213025,23615,1725.15217527788,106838.57963159,0.476434469616769,0.538599773990888,0.502011433410967,0.875418166419648
"marblehead",0.683239234852954,0.482469748681353,0.516004329673728,20363,4729.57975974876,103559.869174483,0.333202376859991,0.686045097960877,0.536119432303688,0.931542503560379
"marion",0.616329239960173,0.461944703324014,0.501697007096575,5014,358.316550744965,75449,0.332070203430395,0.518774157923799,0.535301156761068,0.895492620662146
"marlborough",0.6394656952034,0.439894245373235,0.524762437115707,39545,2625.32950480009,74948.3294221773,0.440409659881148,0.379428142613014,0.514249589075736,0.699051713238083
"marshfield",0.503384445365382,0.387512833675565,0.492867651762298,25596,1170.52978707836,88607.647171433,0.394788248163776,0.442011772227262,0.532231598687295,0.954172526957337
"mashpee",0.53674429829854,0.483680870353581,0.464901408450704,14080,752.03862458187,73577.9537642045,0.302911931818182,0.360340600447157,0.529971590909091,0.868252840909091
"mattapoisett",0.536224489795918,0.445208728652751,0.483627797408716,6216,358.146401104108,84489,0.363256113256113,0.475280898876405,0.526222651222651,0.959620334620335
"maynard",0.697408950896902,0.336517512988101,0.591181364392679,10526,2189.50605546358,88667.5850275508,0.394451833555007,0.515792505302963,0.493539806194186,0.906232186965609
"medfield",0.64752533411661,0.429120296767356,0.448696107980605,12510,868.689093329249,146070.050999201,0.420623501199041,0.734098459290274,0.485291766586731,0.90519584332534
"medford",0.726030871802305,0.322310021930588,0.58097873076258,57180,9684.31689355319,79323.9889821616,0.48356068555439,0.478376026000112,0.523172437915355,0.741815320041973
"medway",0.575953923686105,0.369621903520209,0.527633627400104,13135,1222.9379921396,112439.005709935,0.43890369242482,0.555460841152089,0.529881994670727,0.890673772363913
"melrose",0.687658908664189,0.315321352421566,0.515405143134401,27787,6724.57380451732,89802.742361536,0.406736963328175,0.535623861358414,0.513945370137115,0.874185770324252
"mendon",0.474239602731223,0.369335993160445,0.522328999434709,5963,335.489567929427,121298,0.386047291631729,0.472564102564103,0.519537145732014,0.948515847727654
"merrimac",0.537978298115363,0.381832378969287,0.551384933989128,6695,791.51865105161,77481,0.340702016430171,0.463352453792225,0.537415982076176,0.97580283793876
"methuen",0.532243958573072,0.377758164165931,0.481461934292123,49043,4059.63838865224,75018.4064596375,0.443284464653467,0.295653706522074,0.511122892155863,0.68325754949738
"middleborough",0.422002122391227,0.37158381315384,0.524866785079929,24042,767.414420188103,76019.4981282755,0.403585392230264,0.291579812420805,0.497213210215456,0.938773812494801
"middleton",0.445763064751197,0.389174239431055,0.463731079221545,9514,707.078822803802,106326,0.421168803867984,0.360643415514132,0.413916333823838,0.841917174689931
"milford",0.583386428798981,0.361380554928942,0.518945634266886,28429,3186.00215815199,75902.995567906,0.437299940201906,0.356416526402581,0.511519926835274,0.810967673854163
"millbury",0.477625570776256,0.340889890171783,0.531215005599104,13431,1213.70008834606,72719.2643139007,0.397215397215398,0.34811607432354,0.484252847889211,0.921227012136103
"millis",0.580931263858093,0.383826191913096,0.519319319319319,8110,674.618195758207,97591,0.409741060419235,0.498959417273673,0.513316892725032,0.943649815043157
"millville",0.416555407209613,0.38109756097561,0.596502186133666,3218,655.943850220454,91250,0.440646364201368,0.273732718894009,0.507458048477314,0.93349906774394
"milton",0.713338690237043,0.398814029775423,0.450781102955016,27351,3284.06486472955,119518.487514168,0.447223136265585,0.615506618593876,0.533399144455413,0.729625973456181
"monson",0.458523683577783,0.350888742593812,0.576596208324254,8741,198.317815175581,72759.3166685734,0.368493307401899,0.269866717966183,0.525454753460703,0.955039469168287
"montague",0.723178137651822,0.287083523505249,0.632238942088463,8325,1085.46709104413,50736.805045045,0.391711711711711,0.274661472745912,0.538498498498498,0.887927927927928
"monterey",0.825742574257426,0.355513307984791,0.632183908045977,1235,27.3966295100941,72386,0.214574898785425,0.528100775193798,0.51255060728745,0.960323886639676
"nahant",0.606962895098488,0.411024305555556,0.535637149028078,3471,3318.6141091184,72625,0.296168251224431,0.515704894083272,0.549121290694325,0.953327571305099
"nantucket",0.686547382372432,0.532741398446171,0.63766984226144,10694,701.486208646652,89167.9094819525,0.434262203104545,0.416325287852552,0.464372545352534,0.749485692911913
"natick",0.730820325473265,0.402248465783095,0.539273995077933,35385,2976.1035370019,107315.683962131,0.413875936131129,0.674690525081492,0.51366398191324,0.812745513635722
"needham",0.760963998809878,0.442379182156134,0.451500963921785,30167,2826.85767782333,142122.334272549,0.396890642092353,0.74867496051468,0.50356349653595,0.847515497066331
"new bedford",0.667857602677997,0.418498600496902,0.573675652010757,94988,10179.7536422559,41130.0130016423,0.467911736219312,0.154942105457615,0.529540573546132,0.651861287741609
"new marlborough",0.721227621483376,0.340855106888361,0.647201946472019,1435,30.6034290711423,72321,0.251567944250871,0.449699054170249,0.502439024390245,0.963763066202091
"newbury",0.589473684210526,0.396267837541164,0.547697009386597,6905,295.679747054561,92454,0.315278783490225,0.597020776166209,0.53975380159305,0.970601013758146
"newburyport",0.703200683825625,0.394497839696676,0.550263620386643,13145,2343.40155092394,90132.6955496387,0.337086344617725,0.604454164972407,0.544161278052492,0.907797641688855
"newton",0.822393642974976,0.416573896780514,0.547267862276376,88317,5474.37335106804,137129.555498941,0.43869243746957,0.772781192077234,0.527305048858091,0.740740740740741
"norfolk",0.544019316493313,0.4220367278798,0.490462763310665,11639,781.018498949308,136432.788641636,0.394707449093565,0.513939864211748,0.397370908153621,0.847925079474182
"north adams",0.703556564510026,0.327702702702703,0.618871903004744,13326,1134.71327360368,33331.2422332283,0.397343538946421,0.240420432193457,0.522137175446495,0.89989494221822
"north andover",0.569654796015828,0.41655050057027,0.466927050522868,29705,2357.07062713405,114641.770812994,0.428244403299108,0.597639618062772,0.488133310890423,0.839589294731527
"north attleborough",0.512295382808486,0.348436246992783,0.541577967003725,28945,2375.92291510538,88143.0803593021,0.442667127310417,0.408124548710107,0.502262912420107,0.865779927448609
"north brookfield",0.390685640362225,0.323910482921084,0.570144587729582,4761,223.857641601283,70873,0.409997899600924,0.267459591338822,0.52404956941819,0.969754253308129
"north reading",0.517958640706252,0.354493818910792,0.461419240562382,15476,1191.68136492398,126224.562677694,0.383109330576376,0.509932891205172,0.488562936159214,0.896872576893254
"northampton",0.875912408759124,0.215112278726465,0.689218546334802,28534,3183.45393561156,65694.429417537,0.457909861919114,0.583123191581288,0.558141164926053,0.808684376533258
"northborough",0.632148184982596,0.384502759319743,0.49439838673538,14846,943.178263820971,107094.483699313,0.412771116799138,0.545819265294604,0.513606358615115,0.835511248821231
"northbridge",0.461517429938483,0.371582689714356,0.503875030273674,16381,1248.76609913717,73558.4436847567,0.433062694585191,0.341250799726338,0.538367621024358,0.912764788474452
"northfield",0.655239327296248,0.31986143187067,0.538505747126437,3006,87.6783136083386,63963,0.370592149035263,0.365156181258249,0.483033932135728,0.949767132401863
"norton",0.506395019807584,0.321179289509324,0.545275794266791,19409,767.556014164726,96213.2472564274,0.462414343861095,0.392633860425115,0.514091400896491,0.931475088876295
"norwell",0.536577346703929,0.417894736842105,0.454954279718183,10845,525.910589440144,116536.770677732,0.38865836791148,0.601400379548132,0.50207468879668,0.956293222683264
"norwood",0.611443093619067,0.33495082815735,0.469773703442528,29018,3523.2987878194,83863.7812392308,0.4288372734165,0.457846217447865,0.515645461437728,0.807533255220897
"oak bluffs",0.738374156904508,0.463381245722108,0.622004724940938,4647,635.899117382235,57773,0.34194103722832,0.404956268221574,0.524639552399398,0.862491930277598
"oakham",0.407303370786517,0.27965367965368,0.55,1825,87.6145541643952,85052,0.394520547945205,0.372257053291536,0.518904109589041,0.955068493150685
"orange",0.490403706154864,0.34789156626506,0.563287342531494,7709,272.322528559515,37084.3813724218,0.39123102866779,0.155941584952457,0.519911791412635,0.960825009728888
"orleans",0.639980938765785,0.504126700869953,0.492151227061685,5847,431.765807063041,57038.1646998461,0.209851205746537,0.542563283791542,0.558063964426201,0.946297246451172
"oxford",0.433734939759036,0.336816136990277,0.547670561084667,13844,873.675178710613,64301.0196475007,0.435639988442647,0.290849648790386,0.514229991331984,0.887532505056342
"palmer",0.445304066210867,0.32851445663011,0.560683199211693,12145,421.882317933491,53811.2685878963,0.436887608069165,0.260239583480329,0.517661589131329,0.942610127624537
"paxton",0.50208507089241,0.306676725763863,0.459145427286357,4849,330.068048014457,93654,0.457207671684884,0.525305987429705,0.477005568158383,0.883068673953393
"peabody",0.544597561898993,0.34438045564852,0.460296290956277,52235,4910.03743477986,68579.5715133531,0.389145209150952,0.296647371401629,0.519268689575955,0.850732267636642
"pelham",0.882775119617225,0.202460850111857,0.733405875952122,1300,51.7696613855154,91518,0.316923076923077,0.585040983606557,0.552307692307693,0.870769230769231
"pembroke",0.484823022791724,0.34728073535044,0.493172920844075,18166,941.507777969177,93569.3640317076,0.420400748651326,0.352606147020334,0.505339645491578,0.926290873059562
"pepperell",0.486141078838174,0.436404160475483,0.549408284023669,12031,699.58148332691,90055.5225667027,0.41434627213033,0.369823812581245,0.520821211869338,0.927520571856039
"petersham",0.571428571428571,0.388190954773869,0.585642317380353,2820,35.9293248663016,69893,0.337234042553191,0.280871670702179,0.527659574468086,0.942198581560284
"pittsfield",0.744041506782684,0.311141720232629,0.583788706739526,43632,2680.46543378327,50459.6755363036,0.411166116611661,0.261011396129983,0.521314631463147,0.853295746241291
"plainville",0.497819600642644,0.371104231166151,0.537685337726524,8892,808.572633516083,92014,0.389563652721547,0.420654523000927,0.526315789473684,0.934997750787224
"plymouth",0.519582245430809,0.405260533532785,0.518802358051505,58216,1153.2011503609,82642.4657310705,0.377902981998076,0.348293657736909,0.511148137968943,0.915057716091796
"plympton",0.451552795031056,0.370976849237719,0.543739279588336,2913,198.515611876873,84602,0.36525918297288,0.323083983478659,0.476484723652592,0.954685890834192
"princeton",0.568476693897165,0.405194805194805,0.553885787891799,3451,97.4605406002589,121500,0.387134164010432,0.583944580277099,0.493769921761808,0.908722109533469
"provincetown",0.909170305676856,0.431079894644425,0.761756876663709,2962,306.276545653394,42228,0.144159351789332,0.497039230199852,0.461512491559757,0.845712356515868
"quincy",0.65547350693095,0.343496086470369,0.510323626945513,93349,8372.43741362354,67465.4777233822,0.443239884733634,0.41863626528745,0.516213349901981,0.612111538420336
"randolph",0.787278270509978,0.422449543820846,0.508306797729475,33526,3602.12606983135,64284.5914215832,0.409801348207362,0.279617188871455,0.533764839229255,0.375589095030722
"raynham",0.465992130410343,0.347866174920969,0.484495616904357,13699,669.726772867224,88090.0621213227,0.433389298488941,0.355573323041667,0.526023797357471,0.870355500401489
"reading",0.619898506182546,0.317006530721045,0.448756021909853,25490,2961.4042227914,110362.120753237,0.411298548450373,0.619618600379605,0.508120831698705,0.910788544527265
"rehoboth",0.437282780410742,0.372443015780245,0.538676470588235,11914,254.138092034065,88329.9689440994,0.418415309719657,0.37868928900621,0.48422024508981,0.943595769682726
"revere",0.633167973542433,0.371018248569269,0.473041498499431,53153,12288.1352612381,53763.9167685737,0.444377551596335,0.194569536938922,0.483246477150866,0.584614226854552
"rochester",0.439935587761675,0.368327402135231,0.515758468335788,5439,161.974244216261,103081,0.378010663724949,0.420504385964913,0.478948336091193,0.920389777532635
"rockland",0.503303581778138,0.336145221569674,0.530451448040886,17725,2028.76378914857,72099.1007616361,0.420253878702397,0.267902637804903,0.487277856135402,0.922764456981664
"rockport",0.694790739091719,0.416237378940861,0.538162471864129,7167,1033.1095455317,68640.0433933305,0.316729454443979,0.481135272536527,0.573461699455839,0.957583368215432
"rowley",0.481364678899083,0.382989825202191,0.575044669446099,6145,337.520850708924,85496,0.391212367778682,0.41910060268892,0.556712774613508,0.975752644426363
"royalston",0.493690851735016,0.390602055800294,0.572916666666667,3394,61.7568702204993,68553,0.427224513847967,0.162760416666666,0.484384207424867,0.963464938126105
"rutland",0.462984185193674,0.303820870994248,0.494674313805817,8402,239.347349249758,95347,0.453344441799572,0.437157471684326,0.483337300642704,0.948940728398
"salem",0.731299603174603,0.393838662858748,0.601147174034695,39258,8102.50008187819,60228.2452239034,0.483137194966631,0.385403495649203,0.536731366855163,0.734117886800143
"salisbury",0.483044982698962,0.407328504473796,0.569165786694826,8882,611.277785562791,65287.9397658185,0.363882008556632,0.282752345079732,0.496397207836073,0.926142760639495
"sandisfield",0.572072072072072,0.350561797752809,0.658590308370044,2445,27.9919495567702,69306,0.29120654396728,0.335970464135021,0.486298568507157,0.96319018404908
"sandwich",0.50517212141767,0.4610368956743,0.459523621112606,20492,733.826699701785,89629.4376341987,0.368729260199102,0.433206029357403,0.521374194807731,0.953201249268007
"saugus",0.46562523027043,0.315108014918021,0.466853735531392,27773,3309.74584652501,81132.7697764015,0.375904655600763,0.258657041342763,0.52896698232096,0.867497209520037
"savoy",0.530259365994236,0.361538461538462,0.56763925729443,1557,25.8613375495093,55417,0.364804110468851,0.189260563380282,0.463712267180475,0.894669235709698
"scituate",0.593598978754445,0.433801868529585,0.475672054266812,18390,1081.52083955123,110793.060250136,0.364437194127243,0.567079856012241,0.517292006525286,0.957476889613921
"seekonk",0.506646358349488,0.385441214977743,0.514244828931963,14653,799.740513636997,81082.722855388,0.342728451511635,0.347623387145148,0.525353169999317,0.951955231010714
"sharon",0.745769837099317,0.370538355353974,0.52518337408313,18193,969.153751664403,134446.022151377,0.401473094047161,0.732251554045403,0.516297477051614,0.761116913098445
"sheffield",0.700734048560136,0.308615049073064,0.618602091359384,3205,67.5659600073363,68603,0.28393135725429,0.343283582089553,0.509204368174728,0.987519500780031
"sherborn",0.73639091298757,0.531947652040031,0.47860658841348,4255,269.008664947425,158250,0.391069330199765,0.805644873168988,0.521739130434782,0.897532314923619
"shirley",0.53125,0.426785714285714,0.583924349881797,7433,487.048164499911,68864,0.380869097268936,0.249429123484981,0.403471007668505,0.676711960177586
"shrewsbury",0.607450685486204,0.340924961057098,0.441053869174861,36494,2138.54123267325,101339.36304598,0.429084233024607,0.562539655734055,0.504822710582562,0.735709979722694
"shutesbury",0.87298747763864,0.232558139534884,0.749391727493917,4786,50.8642529111019,80690,0.322607605516088,0.612193056731583,0.493313832010029,0.934183033848725
"somerset",0.517197452229299,0.362486081587205,0.524347212420607,18279,2618.08359218421,70551.2486459872,0.348104382077794,0.237026415928138,0.506811094698834,0.970567317686963
"somerville",0.890064111234344,0.288267489818682,0.756117601746052,79507,22997.6816375818,81005.2507703724,0.578590564352824,0.585281385956645,0.505477505125335,0.69857999924535
"south hadley",0.613951832957646,0.31051424828038,0.516659407665505,17753,2064.87982541857,71588.0908578832,0.436038979327438,0.436161634981046,0.598265081957979,0.856812933025404
"southampton",0.507566938300349,0.295094936708861,0.5042194092827,6081,216.005973529411,90318,0.34977799703996,0.371111111111112,0.502220029600394,0.983390889656306
"southborough",0.648748841519926,0.435940660822657,0.46265664160401,9968,711.390960801482,143504.124799358,0.420345104333868,0.69902523591671,0.516352327447832,0.842596308186196
"southbridge",0.589768033047347,0.444461259079903,0.557873090481786,16824,3414.29054588043,50966.1096053257,0.453162149310509,0.174587163462556,0.511412268188303,0.619947693770803
"southwick",0.386085150571132,0.3544474393531,0.504471931493815,9650,372.777255504751,77042.0518134715,0.358134715025907,0.348658910796088,0.518238341968912,0.957512953367875
"spencer",0.426634017705783,0.355714037223865,0.534336619961944,11801,1446.42993511947,68340.1932887044,0.399711888822981,0.220932208618947,0.492415896957884,0.919667824760613
"springfield",0.778320610687023,0.414271078165491,0.574722091748865,153991,7007.82400454762,37687.150508796,0.53194017832211,0.169555807529439,0.527121714905417,0.332123305907488
"sterling",0.481297881928797,0.39768574908648,0.492332526230831,7954,259.641602668944,104187,0.368242393764143,0.499285714285715,0.509554940910234,0.911616796580337
"stockbridge",0.792592592592593,0.36115569823435,0.60441292356186,2110,92.8086374172417,56554,0.295260663507109,0.421809466746555,0.555450236966825,0.900473933649289
"stoneham",0.569214279825212,0.327180685358255,0.469815258560717,21831,3940.17468019314,83274.9769135633,0.380422335211397,0.421613935674735,0.510833218817278,0.908845220099858
"stoughton",0.630993536750338,0.328177800883806,0.508924127142146,28260,2350.05282385199,78595.3462845011,0.398089171974522,0.360506145072836,0.52618542108988,0.748796886058033
"stow",0.681967213114754,0.42603550295858,0.536585365853659,7027,443.930377594484,146799,0.400597694606518,0.677480916030535,0.539775152981357,0.921303543475167
"sturbridge",0.511102057445508,0.38342644320298,0.519020226387085,9451,309.936945509883,88980.0843297006,0.387472225161359,0.491464537825043,0.53930800973442,0.947412972172257
"sudbury",0.74537797863599,0.442488821234897,0.485938089845225,18594,795.283464956605,162208.79358933,0.388135957835861,0.785601475648732,0.508013337635796,0.858018715714747
"sutton",0.442530959752322,0.365494978479197,0.493338070705276,9208,287.344997606684,103843.146720243,0.391290182450043,0.444392074355758,0.511511728931364,0.949500434404865
"swampscott",0.680727362691737,0.413809082483781,0.533833718244804,14250,4821.13635012786,103780.291368421,0.393824561403508,0.547625234074076,0.538175438596491,0.926526315789474
"swansea",0.473549799343305,0.385753165305881,0.535031099636193,16249,1026.14097654004,76816.4817527233,0.357745092005662,0.22623846780658,0.489753215582497,0.97975260016001
"taunton",0.551678706101495,0.355091912695599,0.557258133745386,56504,2591.00912385069,59209.8477098966,0.430606682712729,0.199843682269981,0.522317004105904,0.84064844966728
"templeton",0.423552557616639,0.377296753083312,0.532998745294856,8131,255.032119266049,67515,0.383962612224818,0.1855,0.519985241667691,0.983765834460706
"tewksbury",0.472895548699868,0.373267037145364,0.491670549860205,30378,1642.50992333132,91410.8879781421,0.390809138192113,0.329793750538767,0.517841859240239,0.914872605174797
"tisbury",0.80033698399326,0.503192338387869,0.666273120818575,4072,622.965935426784,46816,0.458497053045186,0.389470131623355,0.523330058939096,0.867141453831041
"topsfield",0.569306930693069,0.437970868910095,0.428464977645306,6434,539.627470566219,128283,0.347684177805408,0.563352397712275,0.52377991917936,0.944979794839913
"townsend",0.449481865284974,0.42405310425615,0.562487889943809,9369,294.377128088991,87199.0208133205,0.423310918988152,0.338274359819431,0.515423204184011,0.952609670188921
"truro",0.75206043956044,0.420984455958549,0.63817097415507,1589,75.8277172655046,62051,0.202643171806168,0.53822629969419,0.479546884833228,0.964757709251101
"tyngsborough",0.491560842308311,0.37047673750718,0.526580778913076,12133,795.556253614583,104361.899200527,0.423225912799802,0.436679035797966,0.509601912140444,0.878101046732053
"upton",0.558162267839687,0.398814749780509,0.549011084546838,7703,357.133158788181,116250,0.412177073867324,0.494171603286834,0.496040503699857,0.899649487212774
"uxbridge",0.468336211859528,0.359385176501237,0.543591074208614,13765,947.409104290151,88437.3810388667,0.438067562658918,0.332544066078807,0.489792953142027,0.934834725753724
"wakefield",0.577269238819507,0.314409913709207,0.473544973544974,26399,3761.83938590052,91104.2262206902,0.400659115875602,0.494514207777335,0.515928633660366,0.916890791317853
"wales",0.398907103825137,0.353413654618474,0.61122244488978,4390,156.65940386096,62750,0.386332574031891,0.246653919694072,0.490888382687927,0.962870159453303
"walpole",0.543783371472159,0.359643627758057,0.433822511421847,24913,1369.23318961531,98525.2266286678,0.38558182475013,0.505104447725468,0.511740858186489,0.866977080239233
"waltham",0.695328698621783,0.342824823497289,0.546753698196284,62699,7008.45995969741,83018.1548669038,0.521108789613869,0.509040094789353,0.512017735530072,0.661254565463564
"ware",0.458302400395942,0.321574874829313,0.564340734028092,9903,555.171751909432,52524.8003635262,0.40098959911138,0.22149682219932,0.486721195597294,0.917095829546602
"wareham",0.51429396477043,0.427119863321644,0.57248771773113,18389,648.304367067483,67098.9853716896,0.407580618848224,0.224630023374576,0.510141932677144,0.841590081026701
"warren",0.416589861751152,0.339339339339339,0.565493853327681,5178,187.971841240658,51882,0.421591348010815,0.210342041475895,0.475666280417149,0.963692545384318
"watertown",0.768846907859562,0.3226113757355,0.603481839924356,33849,9489.09980223225,91871.6158527578,0.439599397323407,0.616711705353976,0.524683151644067,0.767378652249697
"wayland",0.782569282569283,0.460556425388414,0.501964987495534,13544,1192.62564223834,164729.406674542,0.352333136444182,0.824036382563731,0.51661252215003,0.81637625516834
"webster",0.465568862275449,0.391733927080434,0.551952532082241,16838,3439.4529316824,50502.6611236489,0.401888585342678,0.218408446079557,0.542819812329255,0.800688917923744
"wellesley",0.762026075228533,0.546776539020843,0.416569508264179,28909,2969.0286191683,169519.785672282,0.486180774153378,0.837946977328432,0.564114981493653,0.787574803694351
"wellfleet",0.750242483026188,0.441216522923286,0.651439013248059,3168,160.060198140508,48452,0.212121212121212,0.542418426103647,0.552714646464647,0.925189393939394
"wenham",0.638953759925269,0.481206113176373,0.466420966420966,5135,670.296071014143,99375,0.558130477117818,0.672058228871815,0.572541382667966,0.908471275559883
"west boylston",0.537745344740815,0.354823747680891,0.479392125259038,7844,669.906450426466,74208.1230239674,0.411779704232535,0.301159790021487,0.375573686894442,0.791687914329424
"west bridgewater",0.430389817024662,0.319015444015444,0.493147391199808,7044,553.905092634249,83404.6395513913,0.407580919931857,0.320940110071397,0.482964224872232,0.883446905167519
"west brookfield",0.461825947677523,0.314382896015549,0.53497346840328,3767,183.879710302285,62969,0.375099548712503,0.324228449804895,0.495354393416512,0.933634191664454
"west newbury",0.613636363636364,0.465982905982906,0.517766497461929,4484,333.357798868785,138947,0.361730597680642,0.574260643483913,0.494870651204282,0.980151650312221
"west springfield",0.507690939806171,0.323870752275194,0.482326584799203,28575,2527.97102227555,55962.5163254593,0.450568678915135,0.285972006958449,0.513910761154856,0.792580927384077
"west stockbridge",0.787335722819594,0.293103448275862,0.609234234234234,1194,64.6947399096605,69167,0.311557788944724,0.481751824817518,0.482412060301507,0.845896147403685
"westborough",0.684777571825765,0.379082177161153,0.474023912813459,18706,1110.37827893055,115747.797818882,0.446434299155351,0.635248017193088,0.511867849887736,0.687961082005774
"westfield",0.476946422318198,0.316083615454887,0.521423228977455,38683,2377.51010194651,62674.9241010263,0.431352273608562,0.316760718307627,0.506837628932606,0.864359020758473
"westford",0.624949665780784,0.416392242956458,0.477776158554357,23850,865.946309254115,134907.616142558,0.405492662473794,0.675725655883545,0.512410901467505,0.79559748427673
"westhampton",0.60655737704918,0.319034852546917,0.562443845462713,1830,67.350377846746,82788,0.37103825136612,0.354103343465046,0.522950819672132,0.947540983606557
"westminster",0.47383791676807,0.33859649122807,0.505902929602099,7480,211.113822215795,96953,0.379411764705882,0.433370660694289,0.507620320855616,0.949064171122995
"weston",0.723708564697964,0.599597273853779,0.440906307409675,11946,710.169005378729,191166.755901557,0.422484513644734,0.83695828864434,0.54578938556839,0.801942072660305
"westport",0.503772489843297,0.416184971098266,0.527879392528545,15753,414.513793517806,79975.8710721767,0.353710404367423,0.33498760118962,0.501682219259823,0.979051609217292
"westwood",0.622109485606418,0.438056944142578,0.414941785252264,15364,1584.81697734491,137764.965113252,0.372819578234834,0.683653582034422,0.504751366831554,0.882582660765426
"weymouth",0.561092952366962,0.352886566035141,0.497230579868709,55601,3648.07936356285,70326.4781568677,0.403445981187389,0.336625479436704,0.529576806172551,0.849481124440208
"whately",0.63956043956044,0.339585389930898,0.555220883534137,5029,146.347356995795,59583,0.519984092264863,0.53173190984579,0.455160071584808,0.825611453569298
"whitman",0.470678367460649,0.31314791403287,0.544802416310093,14767,2605.44343553422,75752.3378479041,0.449380375160831,0.295938527467139,0.518114715243448,0.944741653687276
"wilbraham",0.48277641594633,0.361332367849384,0.433604985618408,14516,680.247805737014,95575.8533342519,0.364012124552218,0.445964788250473,0.520184623863324,0.901625792229264
"williamsburg",0.777061855670103,0.203339296362552,0.643916913946588,3618,84.3979181591065,72778,0.338032061912659,0.461172161172161,0.533167495854063,0.974571586511885
"williamstown",0.858660371791089,0.380897583429229,0.608806096528366,7592,220.864125897223,72814.7052160169,0.537802950474184,0.62465515720669,0.54386195995785,0.78477344573235
"wilmington",0.460730785384292,0.335092008750483,0.503897763578275,23310,1515.63680629514,104476.476190476,0.432346632346632,0.381190900563043,0.4992277992278,0.907764907764908
"winchendon",0.436172809372712,0.367252747252747,0.600043878894252,8575,287.165960791226,61875,0.435102040816327,0.186474390850323,0.462157434402332,0.947638483965015
"winchester",0.681228070175439,0.415940731091753,0.427731701425236,22491,4126.07429868402,159616.615979725,0.397803565870793,0.745025553894282,0.510426392779334,0.833400026677338
"windsor",0.663135593220339,0.366920152091255,0.579150579150579,1753,28.7776845699638,70852,0.335995436394752,0.336316181953766,0.495721620079863,0.957786651454649
"winthrop",0.574192835028748,0.360539913529474,0.533403471856917,18031,11177.1594494081,64540.1826853752,0.388164827241972,0.361137615574283,0.53990349952859,0.848538627918585
"woburn",0.565073355418836,0.336648433615117,0.493320799525035,39220,3474.88601738647,86203.2815655278,0.440132585415604,0.399885153518157,0.502855685874554,0.820499745028047
"worcester",0.706920622257678,0.383358289458855,0.548195408769625,182167,7916.1352217014,47558.3642372109,0.509614803998529,0.298358421609544,0.508187542200289,0.572496665147914
"worthington",0.652503793626707,0.313253012048193,0.60952380952381,3194,31.9191554358606,64226,0.293988728866625,0.37410071942446,0.5184721352536,0.947401377582968
"wrentham",0.502909393183707,0.376016872551973,0.489670658682635,11483,594.597957486774,100937.04406514,0.420883044500566,0.479210834831288,0.505791169554994,0.964643385874771
"yarmouth",0.554593517738104,0.449206003915597,0.445341212077538,23548,1048.94636401825,59746.0890521488,0.309920163071174,0.33919779511517,0.551936470188551,0.907423135722779
